{"cameraMode":{"drawMode":0,"name":"Shaded","section":"Shading Mode"},"sceneLighting":false,"audioPlay":false,"sceneViewState":{"m_AlwaysRefresh":false,"showFog":true,"showSkybox":false,"showFlares":true,"showImageEffects":true,"showParticleSystems":true,"showVisualEffectGraphs":true,"m_FxEnabled":true},"in2DMode":false,"pivot":{"x":12.050268173217774,"y":3.201711893081665,"z":14.880345344543457},"rotation":{"x":0.02368784137070179,"y":-0.006901454646140337,"z":-0.0001639631373109296,"w":-0.9996971487998962},"size":10.199585914611817,"orthographic":false}