{"cameraMode":{"drawMode":0,"name":"Shaded","section":"Shading Mode"},"sceneLighting":true,"audioPlay":false,"sceneViewState":{"m_AlwaysRefresh":false,"showFog":true,"showSkybox":true,"showFlares":true,"showImageEffects":true,"showParticleSystems":true,"showVisualEffectGraphs":true,"m_FxEnabled":true},"in2DMode":false,"pivot":{"x":8.132795333862305,"y":11.349839210510254,"z":0.8336310386657715},"rotation":{"x":-0.018297160044312478,"y":0.035083554685115817,"z":-0.0006428164197131991,"w":-0.9992170333862305},"size":66.16983795166016,"orthographic":false}